{
  "manifest": {
    "apis": {
      "custom": {
        "endpoint": {
          "uri": "arn:aws:lambda:eu-west-1:808505134713:function:8b181cf5-2253-494d-897c-1c80c075081e:Release_0"
        },
        "interfaces": [],
        "regions": {
          "NA": {
            "endpoint": {
              "uri": "arn:aws:lambda:us-east-1:808505134713:function:8b181cf5-2253-494d-897c-1c80c075081e:Release_0"
            }
          },
          "EU": {
            "endpoint": {
              "uri": "arn:aws:lambda:eu-west-1:808505134713:function:8b181cf5-2253-494d-897c-1c80c075081e:Release_0"
            }
          },
          "FE": {
            "endpoint": {
              "uri": "arn:aws:lambda:us-west-2:808505134713:function:8b181cf5-2253-494d-897c-1c80c075081e:Release_0"
            }
          }
        }
      }
    },
    "manifestVersion": "1.0",
    "permissions": [
      {
        "name": "alexa::alerts:timers:skill:readwrite"
      }
    ],
    "publishingInformation": {
      "category": "KNOWLEDGE_AND_TRIVIA",
      "distributionCountries": [],
      "isAvailableWorldwide": true,
      "locales": {
        "de-DE": {
          "name": "office health"
        }
      },
      "testingInstructions": "Sample Testing Instructions."
    }
  }
}